{"chunk_definitions":[{"chunk_id":"csetup_chunk","chunk_label":"setup","document_id":"D24265B0","expansion_state":0,"options":{"engine":"r","include":false,"label":"setup"},"row":16,"row_count":1,"visible":true},{"chunk_id":"cxzy971zpzuy1","chunk_label":"unnamed-chunk-1","document_id":"D24265B0","expansion_state":0,"options":{"engine":"r","label":"unnamed-chunk-8"},"row":94,"row_count":1,"visible":true}],"default_chunk_options":{"echo":true,"error":false},"doc_write_time":1543434619,"working_dir":null}