{"chunk_definitions":[{"chunk_id":"cz2fin67jtbzv","chunk_label":"unnamed-chunk-4","document_id":"2B802E5D","expansion_state":0,"options":{"engine":"r","eval":"F","label":"unnamed-chunk-4"},"row":66,"row_count":1,"visible":true},{"chunk_id":"cgc1srxw5twqq","chunk_label":"unnamed-chunk-14","document_id":"2B802E5D","expansion_state":0,"options":{"engine":"r","label":"unnamed-chunk-6"},"row":204,"row_count":1,"visible":true},{"chunk_id":"ch4gb5tn55ngs","chunk_label":"unnamed-chunk-24","document_id":"2B802E5D","expansion_state":0,"options":{"engine":"r","label":"unnamed-chunk-16"},"row":316,"row_count":1,"visible":true},{"chunk_id":"cs7krohyrwu4z","chunk_label":"unnamed-chunk-25","document_id":"2B802E5D","expansion_state":0,"options":{"engine":"r","label":"unnamed-chunk-19"},"row":326,"row_count":1,"visible":true},{"chunk_id":"ce40dj5ay7jwi","chunk_label":"unnamed-chunk-31","document_id":"2B802E5D","expansion_state":0,"options":{"engine":"r","label":"unnamed-chunk-33"},"row":403,"row_count":1,"visible":true},{"chunk_id":"c7hsrtvdyrbig","chunk_label":"unnamed-chunk-33","document_id":"2B802E5D","expansion_state":0,"options":{"engine":"r","label":"unnamed-chunk-34"},"row":419,"row_count":1,"visible":true}],"doc_write_time":1539180778}