{"chunk_definitions":[{"chunk_id":"csetup_chunk","chunk_label":"setup","document_id":"AB9548CE","expansion_state":0,"options":{"engine":"r","include":false,"label":"setup"},"row":17,"row_count":1,"visible":true},{"chunk_id":"cppv444rhkepz","chunk_label":"unnamed-chunk-1","document_id":"AB9548CE","expansion_state":0,"options":{"engine":"r","label":"unnamed-chunk-9"},"row":74,"row_count":1,"visible":true},{"chunk_id":"clcaorrng5o19","chunk_label":"unnamed-chunk-3","document_id":"AB9548CE","expansion_state":0,"options":{"engine":"r","label":"unnamed-chunk-18"},"row":142,"row_count":1,"visible":true}],"default_chunk_options":{"echo":true,"error":false},"doc_write_time":1543456306,"working_dir":null}