{"chunk_definitions":[{"chunk_id":"ck5gvbylpgglu","chunk_label":"unnamed-chunk-8","document_id":"49E4D6DB","expansion_state":0,"options":{"engine":"r","label":"unnamed-chunk-3"},"row":150,"row_count":1,"visible":true},{"chunk_id":"ci8pca07hmmsj","chunk_label":"unnamed-chunk-9","document_id":"49E4D6DB","expansion_state":0,"options":{"engine":"r","label":"unnamed-chunk-13"},"row":172,"row_count":1,"visible":true},{"chunk_id":"cmfz5emyafj8r","chunk_label":"unnamed-chunk-10","document_id":"49E4D6DB","expansion_state":0,"options":{"engine":"r","label":"unnamed-chunk-14"},"row":188,"row_count":1,"visible":true}],"doc_write_time":1539785638}